Company,Location,Industry,Website,Stage,Amount,Lead Investor,Date
Ulla Technology,"London, UK",AI,https://ulla.bot,Seed,"523,380.00",Not specified,2025
AVIEL Intelligence,"London, UK",AI,https://www.aviel.tech,Pre-Seed,"364,260.00",Not specified,2025
Etiq AI,"London, UK",AI/Data,https://www.etiq.ai,Seed,"780,000.00",Not specified,2025
Arda Biomaterials,"London, UK",BioTech,https://www.arda.bio,Seed,"4,095,000.00",Not specified,2025
FUSS,"London, UK",SaaS,https://fuss-world.io,Pre-Seed,0.00,Not specified,2025
Dex,"London, UK",SaaS,https://meetdex.ai,Pre-Seed,"2,418,000.00",Not specified,2025
Ceto,"London, UK",Marine,https://ceto.ai,Seed,"3,792,000.00",Not specified,2025
Navro,"London, UK",FinTech,https://navro.com,Series B,"30,497,000.00",Not specified,2025
Spotlight Pathology,"London, UK",HealthTech,https://www.spotlightpathology.com,Seed,"424,107.00",Not specified,2025
Azura Partners,"London, UK",HealthTech,https://www.azura.com,Private Equity,0.00,Not specified,2025
Workbuzz,"London, UK",HR,https://www.workbuzz.com,Venture,"3,956,890.00",Not specified,2025
NCIMB,"London, UK",Manufacturing,https://www.ncimb.com,Private Equity,"1,695,845.00",Not specified,2025
Materials Market,"London, UK",Materials,https://materialsmarket.com,Venture,"1,985,454.00",Not specified,2025
Sprive,"London, UK",SaaS,https://sprive.com,Seed,"5,487,804.00",Not specified,2025
AMPLY Discovery,"London, UK",Social Network,https://amplydiscovery.com,Seed,"1,301,308.00",Not specified,2025
Pearl Social,"London, UK",Social Network,https://apps.apple.com,Seed,"743,625.00",Not specified,2025
The Networking People,"London, UK",Telecommunications,https://tnp.net.uk,Private Equity,0.00,Not specified,2025
Ace Aquatec,"London, UK",Utilities,https://www.aceaquatec.com,Venture,"7,414,539.00",Not specified,2025
Doubleword,"London, UK",AI,https://www.doubleword.ai,Series A,"8,880,196.00",Not specified,2025
Valarian Technologies,"London, UK",BioTech,https://valarian.com,Seed,"5,206,705.00",Not specified,2025
XY Miners,"London, UK",Blockchain,https://xyminers.com,Series B,0.00,Not specified,2025
MindSpire Ltd,"London, UK",SaaS,https://mindspire.co.uk,Pre-Seed,"847,905.00",Not specified,2025
StackOne,"London, UK",SaaS,https://stackone.com,Series A,"14,875,500.00",Not specified,2025
Nia,"London, UK",AI/SaaS,https://www.trynia.ai,Pre-Seed,"635,915.00",Not specified,2025
S4labour,"London, UK",HR,https://www.s4labour.co.uk,Private Equity,"3,949,364.00",Not specified,2025
Tended,"London, UK",Construction,https://www.tended.co.uk,Venture,"1,986,016.00",Not specified,2025
Zeus Sleep,"London, UK",Consumer,https://zeussleeps.com,Seed,"148,767.00",Not specified,2025
Gardin,"London, UK",Consumer,https://www.gardin.co.uk,Seed,"3,347,257.00",Not specified,2025
Breathe Battery Technologies,"London, UK",CleanTech,https://breathebatteries.com,Series B,"15,620,535.00",Not specified,2025
Floral Energy,"London, UK",CleanTech,https://www.floral-energy.com,Seed,0.00,Not specified,2025
BVNK,"London, UK",FinTech,https://bvnk.com,Series B,0.00,Not specified,2025
Juice,"London, UK",FinTech,https://getmejuice.com,Venture,"24,664,727.00",Not specified,2025
Loxa,"London, UK",InsurTech,https://www.loxacover.com,Seed,"1,666,347.00",Not specified,2025
Axe,"London, UK",Logistics,https://joinaxe.io,Pre-Seed,"1,249,760.00",Not specified,2025
Inyanga Marine Projects,"London, UK",Marine,https://inyangamaritime.com,Venture,"1,986,016.00",Not specified,2025
Platter,"London, UK",Marketing,https://www.weareplatter.com,Pre-Seed,"345,913.00",Not specified,2025
Ravio,"London, UK",Marketplace,https://ravio.com,Series A,"8,926,800.00",Not specified,2025
Solena Materials,"London, UK",Materials,https://www.solena-materials.com,Seed,"4,984,230.00",Not specified,2025
TEDGE,"London, UK",SaaS,https://tedgeltd.com,Seed,"22,317.00",Not specified,2025
Rentser,"London, UK",PropTech,https://rentser.com,Venture,0.00,Not specified,2025
Space Forge,"London, UK",Aerospace,https://spaceforge.co.uk,Series A,"22,436,476.00",Not specified,2025
Granola,"London, UK",AI,https://www.granola.so,Series B,"31,991,355.00",Not specified,2025
Cronofy,"London, UK",SaaS,https://www.cronofy.com,Venture,"14,849,941.00",Not specified,2025
Community Wolf,"London, UK",SaaS,https://www.communitywolf.com,Seed,"337,771.00",Not specified,2025
Cyacomb,"London, UK",CyberSecurity,https://www.cyacomb.com,Venture,"2,187,360.00",Not specified,2025
Nothreat,"London, UK",CyberSecurity,https://nothreat.io,Equity Crowdfunding,"12,648.00",Not specified,2025
Q5D Technology,"London, UK",CyberSecurity,https://q5d.com,Series A,"4,464,000.00",Not specified,2025
Insight Surgery,"London, UK",HealthTech,https://www.insightsurgery.com,Series A,"1,859,637.00",Not specified,2025
Zendo Energy,"London, UK",CleanTech,https://zendoenergy.com,Pre-Seed,"1,718,341.00",Not specified,2025
Puma Property Finance,"London, UK",FinTech,https://pumapropertyfinance.co.uk,Private Equity,0.00,Not specified,2025
Super Banana,"London, UK",Gaming,https://superbanana.io,Venture,0.00,Not specified,2025
PES Technologies,"London, UK",HealthTech,https://www.pestechnologies.com,Seed,"1,286,903.00",Not specified,2025
Upfront Diagnostics,"London, UK",HealthTech,https://upfrontdiagnostics.com,Venture,"3,198,770.00",Not specified,2025
Origin,"London, UK",InsurTech,https://originbenefits.com,Series A,"15,621,900.00",Not specified,2025
Everybody Counts,"London, UK",EdTech,https://everybodycounts.org.uk,Seed,"494,694.00",Not specified,2025
RetailBook,"London, UK",Retail,https://www.retailbook.com,Series A,"4,411,327.00",Not specified,2025
AscendX,"London, UK",SaaS,https://ascendx.cloud,Venture,"4,410,583.00",Not specified,2025
Envoke,"London, UK",AI/VR,https://envoke-demos.com,Venture,"996,826.00",Not specified,2025
POTR,"London, UK",Consumer,https://potr.co,Venture,"498,413.00",Not specified,2025
Sention Technologies,"London, UK",CleanTech,https://sention.io,Seed,"3,696,661.00",Not specified,2025
Rivan Industries,"London, UK",CleanTech,https://rivan.com,Seed,"9,989,234.00",Not specified,2025
ViridiCO2,"London, UK",CleanTech,https://viridico2.co.uk,Seed,0.00,Not specified,2025
Penfold,"London, UK",FinTech,https://www.getpenfold.com,Venture,"3,897,512.00",Not specified,2025
Ontik,"London, UK",FinTech,https://www.ontik.io,Seed,"2,752,115.00",Not specified,2025
Filed,"London, UK",FinTech,https://filed.com,Seed,"12,793,604.00",Not specified,2025
Some Grub,"London, UK",Food,https://somegrub.co.uk,Pre-Seed,"268,517.00",Not specified,2025
Vertice,"London, UK",SaaS,https://vertice.one,Series,"81,560,705.00",Not specified,2025
Robin AI,"London, UK",AI,https://robin.ai,Series,"56,766,885.00",Not specified,2025
Switchee,"London, UK",CleanTech,https://switchee.co,Series,"15,513,930.00",Not specified,2025
Lindus Health,"London, UK",HealthTech,https://lindushealth.com,Series,"52,866,870.00",Not specified,2025
Monument Bank,"London, UK",FinTech,https://monumentbank.com,Series,"140,492,007.00",Not specified,2025
MAGIC,"Chigwell, UK",Consumer,https://magic.co.uk,Series,0.00,Not specified,2025
Autone,"London, UK",AI/SaaS,https://autone.com,Series A,"12,644,600.00",General Catalyst,2024
Definition Health,"London, UK",HealthTech,https://definitionhealth.com,Pre-Seed,"5,750,000.00",Dr. David Redfern,2024
Newcleo,"London, UK",CleanTech,https://newcleo.com,Venture,"117,004,500.00",Exor Ventures,2024
FINBOURNE Technology,"London, UK",FinTech,https://finbourne.com,Series B,"100,000,000.00",HSBC,2024
Form3,"London, UK",FinTech,https://form3.tech,Series C,"46,000,000.00",Mastercard,2024
Doccla,"London, UK",HealthTech,https://doccla.com,Series B,"35,000,000.00",General Catalyst,2024
Novatus Global,"London, UK",SaaS,https://novatusglobal.com,Series A,"29,752,000.00",Maven Capital Partners,2024
Manual,"London, UK",HealthTech,https://manual.co,Venture,"29,000,000.00",Octopus Ventures,2024
Datamaran,"London, UK",AI/SaaS,https://datamaran.com,Series C,"24,545,400.00",Fortive,2024
Yonder,"London, UK",FinTech,https://yonder.co,Venture,"23,400,000.00",Seedcamp,2024
Raycast,"London, UK",SaaS,https://raycast.com,Series B,"23,400,900.00",Y Combinator,2024
Apron,"London, UK",FinTech,https://apron.co,Series B,"22,000,000.00",Bessemer Venture Partners,2024
Notpla,"London, UK",CleanTech,https://notpla.com,Series A,"20,000,000.00",Rosebrook,2024
11x,"London, UK",AI,https://11x.ai,Series A,"17,851,200.00",Abstract Ventures,2024
Ferovinum,"London, UK",FinTech,https://ferovinum.com,Series A,"18,027,360.00",Notion Capital,2024
BMLL Technologies,"London, UK",FinTech,https://bmlltech.com,Series B,"16,000,000.00",CTC Venture Capital,2024
Hometree,"London, UK",CleanTech,https://hometree.co.uk,Mezzanine,"50,000,000.00",CPPIB Credit Investments Inc.,2024
Cult Mia,"London, UK",E-commerce,https://cultmia.com,Seed,"3,719,000.00",Fuel Ventures,2024
iGent AI,"London, UK",AI/SaaS,https://igent.ai,Seed,"6,300,000.00",HV Capital,2024
Auquan,"London, UK",FinTech,https://auquan.com,Seed,"3,719,000.00",Peak XV,2024
GridBeyond,"London, UK",CleanTech,https://gridbeyond.com,Grant,"5,801,640.00",U.S. Department of Energy,2024
Mindtech Global,"London, UK",AI/DeepTech,https://mindtechglobal.com,Series A,"4,400,000.00",Edge,2024
Birl,"Liverpool, UK",E-commerce,https://birl.co.uk,Pre-Seed,"500,000.00",Not specified,2024
Anam.ai,"London, UK",AI,https://anam.ai,Pre-Seed,"1,710,740.00",Concept Ventures,2024